[
  {
    "name": "i18n.Global",
    "settings": [
      {
        "type": "heading",
        "content": "i18n.BackgroundAndLines"
      },
      {
        "type": "color",
        "label": "i18n.BannerBackground",
        "id": "color-primary"
      },
      {
        "type": "color",
        "label": "i18n.PageBackground",
        "id": "body-bg"
      },
      {
        "type": "color",
        "label": "i18n.CommonDarkBackground",
        "id": "container-fill-dark"
      },
      {
        "type": "color",
        "label": "i18n.ModalOverlayBackground",
        "id": "overlay-backgroundColor"
      },
      {
        "type": "color",
        "label": "i18n.AlertPopupBoxBackground",
        "id": "alert-backgroundColor"
      },
      {
        "type": "color",
        "label": "i18n.AlertPopupTextColor",
        "id": "alert-color"
      },
      {
        "type": "color",
        "label": "i18n.HorizontalLine",
        "id": "container-border-global-color-base"
      },
      {
        "type": "heading",
        "content": "i18n.BodyTextAndLinks"
      },
      {
        "type": "font",
        "label": "i18n.BodyTextFontFamily",
        "id": "body-font",
        "options": [
          {
            "group": "i18n.Karla",
            "label": "i18n.Karla",
            "value": "Google_Karla_400"
          },
          {
            "group": "i18n.Roboto",
            "label": "i18n.Roboto",
            "value": "Google_Roboto_400"
          },
          {
            "group": "i18n.SourceSansPro",
            "label": "i18n.SourceSansPro",
            "value": "Google_Source+Sans+Pro_400"
          }
        ]
      },
      {
        "type": "font",
        "label": "Font-family",
        "id": "headings-font",
        "options": [
          {
            "group": "Montserrat",
            "label": "Montserrat",
            "value": "Google_Montserrat_400"
          },
          {
            "group": "Montserrat",
            "label": "Montserrat",
            "value": "Google_shrikhand"
          }
        ]
      },
      {
        "type": "select",
        "label": "i18n.BodyTextFontSize",
        "id": "fontSize-root",
        "options": [
          {
            "value": 12,
            "label": "12px"
          },
          {
            "value": 13,
            "label": "13px"
          },
          {
            "value": 14,
            "label": "14px"
          },
          {
            "value": 16,
            "label": "16px"
          },
          {
            "value": 18,
            "label": "18px"
          }
        ]
      },
      {
        "type": "color",
        "label": "i18n.BodyTextColor",
        "id": "color-textBase"
      },
      {
        "type": "color",
        "label": "i18n.BodyTextHoverColor",
        "id": "color-textBase--hover"
      },
      {
        "type": "color",
        "label": "i18n.SecondaryTextColor",
        "id": "color-textSecondary"
      },
      {
        "type": "color",
        "label": "i18n.SecondaryTextHoverColor",
        "id": "color-textSecondary--hover"
      },
      {
        "type": "color",
        "label": "i18n.LinkColor",
        "id": "color-textLink"
      },
      {
        "type": "color",
        "label": "i18n.LinkHoverColor",
        "id": "color-textLink--hover"
      },
      {
        "type": "color",
        "label": "i18n.LinkActiveColor",
        "id": "color-textLink--active"
      },
      {
        "type": "heading",
        "content": "i18n.Headings"
      },
      {
        "type": "font",
        "label": "i18n.HeadingFontFamily",
        "id": "headings-font",
        "options": [
          {
            "group": "i18n.Montserrat",
            "label": "i18n.MontserratLight",
            "value": "Google_Montserrat_400"
          },
          {
            "group": "i18n.OpenSans",
            "label": "i18n.OpenSans",
            "value": "Google_Open+Sans_400"
          },
          {
            "group": "i18n.OpenSans",
            "label": "i18n.OpenSansBold",
            "value": "Google_Open+Sans_700"
          },
          {
            "group": "i18n.Roboto",
            "label": "i18n.Roboto",
            "value": "Google_Roboto_400"
          },
          {
            "group": "i18n.Volkhov",
            "label": "i18n.Volkhov",
            "value": "Google_Volkhov_400"
          }
        ]
      },
      {
        "type": "select",
        "label": "i18n.Heading1",
        "id": "fontSize-h1",
        "options": [
          {
            "value": 24,
            "label": "24px"
          },
          {
            "value": 26,
            "label": "26px"
          },
          {
            "value": 28,
            "label": "28px"
          },
          {
            "value": 32,
            "label": "32px"
          },
          {
            "value": 36,
            "label": "36px"
          }
        ]
      },
      {
        "type": "select",
        "label": "i18n.Heading2",
        "id": "fontSize-h2",
        "options": [
          {
            "value": 21,
            "label": "21px"
          },
          {
            "value": 23,
            "label": "23px"
          },
          {
            "value": 25,
            "label": "25px"
          },
          {
            "value": 29,
            "label": "29px"
          },
          {
            "value": 33,
            "label": "33px"
          }
        ]
      },
      {
        "type": "select",
        "label": "i18n.Heading3",
        "id": "fontSize-h3",
        "options": [
          {
            "value": 18,
            "label": "18px"
          },
          {
            "value": 20,
            "label": "20px"
          },
          {
            "value": 22,
            "label": "22px"
          },
          {
            "value": 26,
            "label": "26px"
          },
          {
            "value": 30,
            "label": "30px"
          }
        ]
      },
      {
        "type": "select",
        "label": "i18n.Heading4",
        "id": "fontSize-h4",
        "options": [
          {
            "value": 16,
            "label": "16px"
          },
          {
            "value": 18,
            "label": "18px"
          },
          {
            "value": 20,
            "label": "20px"
          },
          {
            "value": 24,
            "label": "24px"
          },
          {
            "value": 28,
            "label": "28px"
          }
        ]
      },
      {
        "type": "select",
        "label": "i18n.Heading5",
        "id": "fontSize-h5",
        "options": [
          {
            "value": 11,
            "label": "11px"
          },
          {
            "value": 13,
            "label": "13px"
          },
          {
            "value": 15,
            "label": "15px"
          },
          {
            "value": 19,
            "label": "19px"
          },
          {
            "value": 23,
            "label": "23px"
          }
        ]
      },
      {
        "type": "select",
        "label": "i18n.Heading6",
        "id": "fontSize-h6",
        "options": [
          {
            "value": 9,
            "label": "9px"
          },
          {
            "value": 11,
            "label": "11px"
          },
          {
            "value": 13,
            "label": "13px"
          },
          {
            "value": 17,
            "label": "17px"
          },
          {
            "value": 21,
            "label": "21px"
          }
        ]
      },
      {
        "type": "color",
        "label": "i18n.HeadingTextColor",
        "id": "color-textHeading"
      },
      {
        "type": "heading",
        "content": "i18n.LoadingIndicators"
      },
      {
        "type": "color",
        "label": "i18n.PageLoadingBar",
        "id": "pace-progress-backgroundColor"
      },
      {
        "type": "color",
        "label": "i18n.SpinnerLightHalf",
        "id": "spinner-borderColor-light"
      },
      {
        "type": "color",
        "label": "i18n.SpinnerDarkHalf",
        "id": "spinner-borderColor-dark"
      },
      {
        "type": "color",
        "label": "i18n.ModalLoadingBackground",
        "id": "loadingOverlay-backgroundColor"
      },
      {
        "type": "color",
        "label": "i18n.ProductThumbnailLoadingBackground",
        "id": "container-fill-base"
      },
      {
        "type": "heading",
        "content": "i18n.ImageLoading"
      },
      {
        "type": "paragraph",
        "content": "i18n.CornerstoneDoesntLoadMostImages"
      },
      {
        "type": "select",
        "id": "lazyload_mode",
        "force_reload": true,
        "label": "i18n.LazyloadingMode",
        "options": [
          {
            "value": "lazyload",
            "label": "i18n.Lazyload"
          },
          {
            "value": "lazyload+lqip",
            "label": "i18n.LazyloadWithLQIP"
          },
          {
            "value": "disabled",
            "label": "i18n.Disabled"
          }
        ]
      },
      {
        "type": "heading",
        "content": "i18n.Pages"
      },
      {
        "type": "checkbox",
        "label": "i18n.HideBreadcrumbs",
        "force_reload": true,
        "id": "hide_breadcrumbs"
      },
      {
        "type": "checkbox",
        "label": "i18n.HidePageHeading",
        "force_reload": true,
        "id": "hide_page_heading"
      },
      {
        "type": "checkbox",
        "label": "i18n.HideCategoryPageHeading",
        "force_reload": true,
        "id": "hide_category_page_heading"
      },
      {
        "type": "checkbox",
        "label": "i18n.HideBlogPageHeading",
        "force_reload": true,
        "id": "hide_blog_page_heading"
      },
      {
        "type": "checkbox",
        "label": "i18n.HideContactUsPageHeading",
        "force_reload": true,
        "id": "hide_contact_us_page_heading"
      },
      {
        "type": "heading",
        "content": "i18n.Products"
      },
      {
        "type": "select",
        "id": "product_list_display_mode",
        "force_reload": true,
        "label": "i18n.DisplayStyle",
        "options": [
          {
            "value": "grid",
            "label": "i18n.ShowProductsInAGrid"
          },
          {
            "value": "list",
            "label": "i18n.ShowProductsInAList"
          }
        ]
      },
      {
        "type": "heading",
        "content": "i18n.Blog"
      },
      {
        "type": "imageDimension",
        "id": "blog_size",
        "force_reload": true,
        "label": "i18n.SizeOfImages",
        "options": [
          {
            "value": "190x250",
            "label": "i18n.OptimizedForTheme"
          },
          {
            "value": "custom",
            "label": "i18n.SpecifyDimensions"
          }
        ]
      },
      {
        "type": "heading",
        "content": "i18n.Pricing"
      },
      {
        "type": "checkbox",
        "label": "i18n.ShowPriceRangesForProducts",
        "force_reload": true,
        "id": "price_ranges"
      },
      {
        "type": "heading",
        "content": "i18n.PurchaseOptions"
      },
      {
        "type": "checkbox",
        "label": "i18n.HidePurchaseOptionsPriceAnd",
        "force_reload": true,
        "id": "restrict_to_login"
      },
      {
        "type": "heading",
        "content": "i18n.FormInputFields"
      },
      {
        "type": "color",
        "label": "i18n.LabelTextColor",
        "id": "form-label-font-color"
      },
      {
        "type": "color",
        "label": "i18n.FieldTextColor",
        "id": "input-font-color"
      },
      {
        "type": "color",
        "label": "i18n.FieldBackground",
        "id": "input-bg-color"
      },
      {
        "type": "color",
        "label": "i18n.FieldBackgroundDisabled",
        "id": "input-disabled-bg"
      },
      {
        "type": "color",
        "label": "i18n.FieldBorder",
        "id": "input-border-color"
      },
      {
        "type": "color",
        "label": "i18n.FieldBorderActive",
        "id": "input-border-color-active"
      }
    ]
  },
  {
    "name": "i18n.HeaderAndFooter",
    "settings": [
      {
        "type": "heading",
        "content": "i18n.Header"
      },
      {
        "type": "color",
        "label": "i18n.HeaderBackground",
        "id": "header-backgroundColor"
      },
      {
        "type": "heading",
        "content": "i18n.Logo"
      },
      {
        "type": "select",
        "label": "i18n.LogoPosition",
        "id": "logo-position",
        "force_reload": true,
        "options": [
          {
            "value": "right",
            "label": "i18n.Right"
          },
          {
            "value": "center",
            "label": "i18n.Center"
          },
          {
            "value": "left",
            "label": "i18n.Left"
          }
        ]
      },
      {
        "type": "imageDimension",
        "label": "i18n.LogoImageSize",
        "id": "logo_size",
        "description": "Please specify a maximum image size for desktop display. We'll automatically scale down the image for smaller devices.",
        "force_reload": true,
        "options": [
          {
            "value": "250x100",
            "label": "i18n.OptimizedForTheme"
          },
          {
            "value": "original",
            "label": "i18n.OriginalAsUploaded"
          },
          {
            "value": "custom",
            "label": "i18n.SpecifyDimensions"
          }
        ]
      },
      {
        "type": "select",
        "label": "i18n.LogoFontSize",
        "id": "logo_fontSize",
        "options": [
          {
            "value": 14,
            "label": "14px"
          },
          {
            "value": 16,
            "label": "16px"
          },
          {
            "value": 18,
            "label": "18px"
          },
          {
            "value": 20,
            "label": "20px"
          },
          {
            "value": 22,
            "label": "22px"
          },
          {
            "value": 24,
            "label": "24px"
          },
          {
            "value": 26,
            "label": "26px"
          },
          {
            "value": 28,
            "label": "28px"
          },
          {
            "value": 30,
            "label": "30px"
          },
          {
            "value": 32,
            "label": "32px"
          },
          {
            "value": 34,
            "label": "34px"
          },
          {
            "value": 36,
            "label": "36px"
          },
          {
            "value": 38,
            "label": "38px"
          },
          {
            "value": 40,
            "label": "40px"
          },
          {
            "value": 42,
            "label": "42px"
          },
          {
            "value": 44,
            "label": "44px"
          },
          {
            "value": 46,
            "label": "46px"
          },
          {
            "value": 48,
            "label": "48px"
          },
          {
            "value": 50,
            "label": "50px"
          },
          {
            "value": 52,
            "label": "52px"
          },
          {
            "value": 54,
            "label": "54px"
          },
          {
            "value": 56,
            "label": "56px"
          },
          {
            "value": 58,
            "label": "58px"
          },
          {
            "value": 60,
            "label": "60px"
          },
          {
            "value": 62,
            "label": "62px"
          },
          {
            "value": 64,
            "label": "64px"
          },
          {
            "value": 66,
            "label": "66px"
          },
          {
            "value": 68,
            "label": "68px"
          },
          {
            "value": 70,
            "label": "70px"
          },
          {
            "value": 72,
            "label": "72px"
          },
          {
            "value": 74,
            "label": "74px"
          }
        ]
      },
      {
        "type": "color",
        "label": "i18n.LogoTextColor",
        "id": "storeName-color"
      },
      {
        "type": "heading",
        "content": "i18n.UtilityNavigation"
      },
      {
        "type": "color",
        "label": "i18n.TextColor",
        "id": "navUser-color"
      },
      {
        "type": "color",
        "label": "i18n.TextHoverColor",
        "id": "navUser-color-hover"
      },
      {
        "type": "color",
        "label": "i18n.CartDropdownBackground",
        "id": "navUser-dropdown-backgroundColor"
      },
      {
        "type": "color",
        "label": "i18n.CartDropdownBorder",
        "id": "navUser-dropdown-borderColor"
      },
      {
        "type": "color",
        "label": "i18n.CartCounterBackground",
        "id": "navUser-indicator-backgroundColor"
      },
      {
        "type": "heading",
        "content": "i18n.MainNavigation"
      },
      {
        "type": "checkbox",
        "label": "i18n.HideLinksToWebPages",
        "force_reload": true,
        "id": "hide_content_navigation"
      },
      {
        "type": "color",
        "label": "i18n.TextColor",
        "id": "navPages-color"
      },
      {
        "type": "color",
        "label": "i18n.TextHoverColor",
        "id": "navPages-color-hover"
      },
      {
        "type": "color",
        "label": "i18n.DropdownMenuBackground",
        "id": "navPages-subMenu-backgroundColor"
      },
      {
        "type": "color",
        "label": "i18n.DropdownMenuBorder",
        "id": "navPages-subMenu-separatorColor"
      },
      {
        "type": "select",
        "label": "i18n.DropdownMenuDisplayMode",
        "id": "navigation_design",
        "force_reload": true,
        "options": [
          {
            "value": "simple",
            "label": "i18n.SimpleMenuDisplayDepthOf"
          },
          {
            "value": "alternate",
            "label": "i18n.AlternateMaxMenuDisplayDepth"
          }
        ]
      },
      {
        "type": "color",
        "label": "i18n.QuickSearchBackground",
        "id": "dropdown--quickSearch-backgroundColor"
      },
      {
        "type": "heading",
        "content": "i18n.SocialMediaIcons"
      },
      {
        "type": "paragraph",
        "content": "i18n.SocialAccountsMustBeSet"
      },
      {
        "type": "checkbox",
        "label": "i18n.ShowSocialMediaIcons",
        "force_reload": true,
        "id": "social_icon_placement_top"
      },
      {
        "type": "select",
        "label": "i18n.FooterPlacement",
        "id": "social_icon_placement_bottom",
        "force_reload": true,
        "reference": "social_icon_placement_top",
        "reference_default": false,
        "options": [
          {
            "value": "bottom_none",
            "label": "i18n.None"
          },
          {
            "value": "bottom_right",
            "label": "i18n.Right"
          },
          {
            "value": "bottom_left",
            "label": "i18n.Left"
          }
        ]
      },
      {
        "type": "heading",
        "content": "i18n.Footer"
      },
      {
        "type": "heading",
        "content": "colors"
      },
      {
        "type": "color",
        "label": "i18n.FooterBackground",
        "id": "footer-backgroundColor"
      },
      {
        "type": "color",
        "label": "Footer heading",
        "id": "color-footer-headings"
      },
      {
        "type": "color",
        "label": "Footerpowered",
        "id": "color-poweredby"
      },
      {
        "type": "heading",
        "content": "i18n.DisplaySettings"
      },
      {
        "type": "checkbox",
        "label": "i18n.ShowPoweredByBigCommerce",
        "force_reload": true,
        "id": "show_powered_by"
      },
      {
        "type": "checkbox",
        "label": "i18n.ShowBrandsInFooter",
        "force_reload": true,
        "id": "shop_by_brand_show_footer"
      },
      {
        "type": "checkbox",
        "label": "i18n.ShowCurrentYearAnd",
        "force_reload": true,
        "id": "show_copyright_footer"
      },
      {
        "type": "heading",
        "content": "i18n.PaymentIcons"
      },
      {
        "type": "checkbox",
        "label": "i18n.ShowAmericanExpress",
        "force_reload": true,
        "id": "show_accept_amex"
      },
      {
        "type": "checkbox",
        "label": "i18n.ShowDiscover",
        "force_reload": true,
        "id": "show_accept_discover"
      },
      {
        "type": "checkbox",
        "label": "i18n.ShowMastercard",
        "force_reload": true,
        "id": "show_accept_mastercard"
      },
      {
        "type": "checkbox",
        "label": "i18n.ShowPayPal",
        "force_reload": true,
        "id": "show_accept_paypal"
      },
      {
        "type": "checkbox",
        "label": "i18n.ShowVisa",
        "force_reload": true,
        "id": "show_accept_visa"
      },
      {
        "type": "checkbox",
        "label": "i18n.ShowAmazonPay",
        "force_reload": true,
        "id": "show_accept_amazonpay"
      },
      {
        "type": "checkbox",
        "label": "i18n.ShowGooglePay",
        "force_reload": true,
        "id": "show_accept_googlepay"
      },
      {
        "type": "checkbox",
        "label": "i18n.ShowKlarna",
        "force_reload": true,
        "id": "show_accept_klarna"
      }
    ]
  },
  {
    "name": "i18n.HomePage",
    "settings": [
      {
        "type": "heading",
        "content": "i18n.Carousel"
      },
      {
        "type": "checkbox",
        "label": "i18n.ShowCarousel",
        "force_reload": true,
        "id": "homepage_show_carousel"
      },
      {
        "type": "checkbox",
        "label": "i18n.ShowCarouselArrows",
        "force_reload": true,
        "id": "homepage_show_carousel_arrows"
      },
      {
        "type": "checkbox",
        "label": "i18n.ShowCarouselPlayPauseButton",
        "force_reload": true,
        "id": "homepage_show_carousel_play_pause_button"
      },
      {
        "type": "checkbox",
        "label": "i18n.AllowImageToStretchOn",
        "force_reload": true,
        "id": "homepage_stretch_carousel_images"
      },
      {
        "type": "color",
        "label": "i18n.ContentBackground",
        "id": "carousel-bgColor"
      },
      {
        "type": "color",
        "label": "i18n.HeaderText",
        "id": "carousel-title-color"
      },
      {
        "type": "color",
        "label": "i18n.DescriptionText",
        "id": "carousel-description-color"
      },
      {
        "type": "color",
        "label": "i18n.Indicator",
        "id": "carousel-dot-color"
      },
      {
        "type": "color",
        "label": "i18n.IndicatorActive",
        "id": "carousel-dot-color-active"
      },
      {
        "type": "color",
        "label": "i18n.IndicatorBackground",
        "id": "carousel-dot-bgColor"
      },
      {
        "type": "color",
        "label": "i18n.Arrow",
        "id": "carousel-arrow-color"
      },
      {
        "type": "color",
        "label": "i18n.ArrowBackground",
        "id": "carousel-arrow-bgColor"
      },
      {
        "type": "color",
        "label": "i18n.ArrowBorder",
        "id": "carousel-arrow-borderColor"
      },
      {
        "type": "color",
        "label": "i18n.PlayPauseButtonText",
        "id": "carousel-play-pause-button-textColor"
      },
      {
        "type": "color",
        "label": "i18n.PlayPauseButtonBackground",
        "id": "carousel-play-pause-button-bgColor"
      },
      {
        "type": "heading",
        "content": "i18n.Products"
      },
      {
        "type": "select",
        "label": "i18n.NumberOfFeaturedProducts",
        "id": "homepage_featured_products_count",
        "force_reload": true,
        "options": [
          {
            "value": 0,
            "label": "i18n.Disable"
          },
          {
            "value": 1,
            "label": "1"
          },
          {
            "value": 2,
            "label": "2"
          },
          {
            "value": 3,
            "label": "3"
          },
          {
            "value": 4,
            "label": "4"
          },
          {
            "value": 5,
            "label": "5"
          },
          {
            "value": 6,
            "label": "6"
          },
          {
            "value": 7,
            "label": "7"
          },
          {
            "value": 8,
            "label": "8"
          },
          {
            "value": 9,
            "label": "9"
          },
          {
            "value": 10,
            "label": "10"
          },
          {
            "value": 11,
            "label": "11"
          },
          {
            "value": 12,
            "label": "12"
          }
        ]
      },
      {
        "type": "select",
        "label": "i18n.NumberOfMostPopularProducts",
        "id": "homepage_top_products_count",
        "force_reload": true,
        "options": [
          {
            "value": 0,
            "label": "i18n.Disable"
          },
          {
            "value": 1,
            "label": "1"
          },
          {
            "value": 2,
            "label": "2"
          },
          {
            "value": 3,
            "label": "3"
          },
          {
            "value": 4,
            "label": "4"
          },
          {
            "value": 5,
            "label": "5"
          },
          {
            "value": 6,
            "label": "6"
          },
          {
            "value": 7,
            "label": "7"
          },
          {
            "value": 8,
            "label": "8"
          },
          {
            "value": 9,
            "label": "9"
          },
          {
            "value": 10,
            "label": "10"
          },
          {
            "value": 11,
            "label": "11"
          },
          {
            "value": 12,
            "label": "12"
          }
        ]
      },
      {
        "type": "select",
        "label": "TopCategories",
        "id": "homepage_top_categories_count",
        "force_reload": true,
        "options": [
          {
            "value": 0,
            "label": "Disable"
          },
          {
            "value": 1,
            "label": "1"
          },
          {
            "value": 2,
            "label": "2"
          },
          {
            "value": 3,
            "label": "3"
          },
          {
            "value": 4,
            "label": "4"
          },
          {
            "value": 5,
            "label": "5"
          },
          {
            "value": 6,
            "label": "6"
          },
          {
            "value": 7,
            "label": "7"
          },
          {
            "value": 8,
            "label": "8"
          },
          {
            "value": 9,
            "label": "9"
          },
          {
            "value": 10,
            "label": "10"
          },
          {
            "value": 11,
            "label": "11"
          },
          {
            "value": 12,
            "label": "12"
          }
        ]
      },
      {
        "type": "select",
        "label": "i18n.NumberOfNewProducts",
        "id": "homepage_new_products_count",
        "force_reload": true,
        "options": [
          {
            "value": 0,
            "label": "i18n.Disable"
          },
          {
            "value": 1,
            "label": "1"
          },
          {
            "value": 2,
            "label": "2"
          },
          {
            "value": 3,
            "label": "3"
          },
          {
            "value": 4,
            "label": "4"
          },
          {
            "value": 5,
            "label": "5"
          },
          {
            "value": 6,
            "label": "6"
          },
          {
            "value": 7,
            "label": "7"
          },
          {
            "value": 8,
            "label": "8"
          },
          {
            "value": 9,
            "label": "9"
          },
          {
            "value": 10,
            "label": "10"
          },
          {
            "value": 11,
            "label": "11"
          },
          {
            "value": 12,
            "label": "12"
          }
        ]
      }
    ]
  },
  {
    "name": "i18n.Products",
    "settings": [
      {
        "type": "heading",
        "content": "i18n.ProductSaleBadges"
      },
      {
        "type": "select",
        "label": "i18n.ShowProductSaleBadges",
        "id": "product_sale_badges",
        "force_reload": true,
        "options": [
          {
            "value": "none",
            "label": "i18n.None"
          },
          {
            "value": "topleft",
            "label": "i18n.TopLeft"
          },
          {
            "value": "sash",
            "label": "i18n.Diagonal"
          },
          {
            "value": "burst",
            "label": "i18n.Burst"
          }
        ]
      },
      {
        "type": "text",
        "label": "i18n.ProductSaleBadgeLabel",
        "force_reload": true,
        "id": "pdp_sale_badge_label",
        "reference": "product_sale_badges",
        "reference_default": "none"
      },
      {
        "type": "text",
        "label": "i18n.ProductPriceLabelSale",
        "force_reload": true,
        "id": "pdp-sale-price-label",
        "reference": "product_sale_badges",
        "reference_default": "none"
      },
      {
        "type": "text",
        "label": "i18n.ProductPriceLabelBeforeSale",
        "force_reload": true,
        "id": "pdp-non-sale-price-label",
        "reference": "product_sale_badges",
        "reference_default": "none"
      },
      {
        "type": "text",
        "label": "i18n.ProductPriceLabelRetail",
        "force_reload": true,
        "id": "pdp-retail-price-label",
        "reference": "product_sale_badges",
        "reference_default": "none"
      },
      {
        "type": "text",
        "label": "i18n.ProductPriceLabel",
        "force_reload": true,
        "id": "pdp-price-label",
        "reference": "product_sale_badges",
        "reference_default": "none"
      },
      {
        "type": "paragraph",
        "content": "i18n.TheProductPriceLabel",
        "reference": "product_sale_badges",
        "reference_default": "none"
      },
      {
        "type": "color",
        "label": "i18n.BadgeTextColor",
        "id": "color_text_product_sale_badges",
        "reference": "product_sale_badges",
        "reference_default": "none"
      },
      {
        "type": "color",
        "label": "i18n.BadgeColor",
        "id": "color_badge_product_sale_badges",
        "reference": "product_sale_badges",
        "reference_default": "none"
      },
      {
        "type": "color",
        "label": "i18n.BadgeHoverColor",
        "id": "color_hover_product_sale_badges",
        "reference": "product_sale_badges",
        "reference_default": "none"
      },
      {
        "type": "paragraph",
        "content": "i18n.ForTextureSwatchesMaxDimensions",
        "reference": "product_sale_badges",
        "reference_default": "none"
      },
      {
        "type": "select",
        "label": "i18n.ShowProductSoldOutBadges",
        "id": "product_sold_out_badges",
        "force_reload": true,
        "options": [
          {
            "value": "none",
            "label": "i18n.None"
          },
          {
            "value": "topleft",
            "label": "i18n.TopLeft"
          },
          {
            "value": "sash",
            "label": "i18n.Diagonal"
          },
          {
            "value": "burst",
            "label": "i18n.Burst"
          }
        ]
      },
      {
        "type": "text",
        "label": "i18n.ProductSoldOutBadgeLabel",
        "force_reload": true,
        "id": "pdp_sold_out_label",
        "reference": "product_sold_out_badges",
        "reference_default": "none"
      },
      {
        "type": "color",
        "label": "i18n.BadgeTextColor",
        "id": "color_text_product_sold_out_badges",
        "reference": "product_sold_out_badges",
        "reference_default": "none"
      },
      {
        "type": "color",
        "label": "i18n.BadgeColor",
        "id": "color_badge_product_sold_out_badges",
        "reference": "product_sold_out_badges",
        "reference_default": "none"
      },
      {
        "type": "color",
        "label": "i18n.BadgeHoverColor",
        "id": "color_hover_product_sold_out_badges",
        "reference": "product_sold_out_badges",
        "reference_default": "none"
      },
      {
        "type": "heading",
        "content": "i18n.DisplaySettings"
      },
      {
        "type": "checkbox",
        "label": "i18n.ShowQuickviewButtonOnProduct",
        "force_reload": true,
        "id": "show_product_quick_view"
      },
      {
        "type": "checkbox",
        "label": "i18n.ShowQuantitySelectionOnProduct",
        "force_reload": true,
        "id": "show_product_quantity_box"
      },
      {
        "type": "checkbox",
        "label": "i18n.ShowProductDescriptionTabs",
        "force_reload": true,
        "id": "show_product_details_tabs"
      },
      {
        "type": "checkbox",
        "label": "i18n.ProductCustomFieldsInTabs",
        "force_reload": true,
        "id": "show_custom_fields_tabs"
      },
      {
        "type": "text",
        "label": "i18n.ProductCustomFieldsTabLabel",
        "force_reload": true,
        "reference": "show_custom_fields_tabs",
        "reference_default": false,
        "id": "pdp-custom-fields-tab-label"
      },
      {
        "type": "checkbox",
        "label": "i18n.ShowProductWeight",
        "force_reload": true,
        "id": "show_product_weight"
      },
      {
        "type": "checkbox",
        "label": "i18n.ShowProductDimensions",
        "force_reload": true,
        "id": "show_product_dimensions"
      },
      {
        "type": "checkbox",
        "label": "i18n.ShowProductSwatchNames",
        "force_reload": true,
        "id": "show_product_swatch_names"
      },
      {
        "type": "checkbox",
        "label": "i18n.ShowShopByPriceIn",
        "force_reload": true,
        "id": "shop_by_price_visibility"
      },
      {
        "type": "checkbox",
        "label": "i18n.ShowProductReviews",
        "force_reload": true,
        "id": "show_product_reviews"
      },
      {
        "type": "select",
        "label": "i18n.NumberOfProductReviews",
        "id": "productpage_reviews_count",
        "reference": "show_product_reviews",
        "reference_default": false,
        "force_reload": true,
        "options": [
          {
            "value": 1,
            "label": "1"
          },
          {
            "value": 2,
            "label": "2"
          },
          {
            "value": 3,
            "label": "3"
          },
          {
            "value": 4,
            "label": "4"
          },
          {
            "value": 5,
            "label": "5"
          },
          {
            "value": 6,
            "label": "6"
          },
          {
            "value": 7,
            "label": "7"
          },
          {
            "value": 8,
            "label": "8"
          },
          {
            "value": 9,
            "label": "9"
          },
          {
            "value": 10,
            "label": "10"
          },
          {
            "value": 11,
            "label": "11"
          },
          {
            "value": 12,
            "label": "12"
          }
        ]
      },
      {
        "type": "color",
        "label": "i18n.WishlistDropdownBackground",
        "id": "dropdown--wishList-backgroundColor"
      },
      {
        "type": "checkbox",
        "label": "i18n.ShowQuickPaymentButtons",
        "force_reload": true,
        "id": "show_quick_payment_buttons"
      },
      {
        "type": "heading",
        "content": "i18n.NumberOfProductsDisplayed"
      },
      {
        "type": "select",
        "label": "i18n.CategoryPage",
        "id": "categorypage_products_per_page",
        "force_reload": true,
        "options": [
          {
            "value": 6,
            "label": "6"
          },
          {
            "value": 8,
            "label": "8"
          },
          {
            "value": 9,
            "label": "9"
          },
          {
            "value": 12,
            "label": "12"
          },
          {
            "value": 15,
            "label": "15"
          },
          {
            "value": 16,
            "label": "16"
          },
          {
            "value": 18,
            "label": "18"
          },
          {
            "value": 20,
            "label": "20"
          }
        ]
      },
      {
        "type": "select",
        "label": "i18n.BrandPage",
        "id": "brandpage_products_per_page",
        "force_reload": true,
        "options": [
          {
            "value": 6,
            "label": "6"
          },
          {
            "value": 8,
            "label": "8"
          },
          {
            "value": 9,
            "label": "9"
          },
          {
            "value": 12,
            "label": "12"
          },
          {
            "value": 15,
            "label": "15"
          },
          {
            "value": 16,
            "label": "16"
          },
          {
            "value": 18,
            "label": "18"
          },
          {
            "value": 20,
            "label": "20"
          }
        ]
      },
      {
        "type": "select",
        "label": "i18n.SearchResultPage",
        "id": "searchpage_products_per_page",
        "force_reload": true,
        "options": [
          {
            "value": 6,
            "label": "6"
          },
          {
            "value": 8,
            "label": "8"
          },
          {
            "value": 9,
            "label": "9"
          },
          {
            "value": 12,
            "label": "12"
          },
          {
            "value": 15,
            "label": "15"
          },
          {
            "value": 16,
            "label": "16"
          },
          {
            "value": 18,
            "label": "18"
          },
          {
            "value": 20,
            "label": "20"
          }
        ]
      },
      {
        "type": "select",
        "label": "i18n.ProductPageRelatedProducts",
        "id": "productpage_related_products_count",
        "force_reload": true,
        "options": [
          {
            "value": 0,
            "label": "i18n.Disable"
          },
          {
            "value": 1,
            "label": "1"
          },
          {
            "value": 2,
            "label": "2"
          },
          {
            "value": 3,
            "label": "3"
          },
          {
            "value": 4,
            "label": "4"
          },
          {
            "value": 5,
            "label": "5"
          },
          {
            "value": 6,
            "label": "6"
          },
          {
            "value": 7,
            "label": "7"
          },
          {
            "value": 8,
            "label": "8"
          },
          {
            "value": 9,
            "label": "9"
          },
          {
            "value": 10,
            "label": "10"
          },
          {
            "value": 11,
            "label": "11"
          },
          {
            "value": 12,
            "label": "12"
          }
        ]
      },
      {
        "type": "select",
        "label": "i18n.ProductPageCustomersAlsoViewed",
        "id": "productpage_similar_by_views_count",
        "force_reload": true,
        "options": [
          {
            "value": 0,
            "label": "i18n.Disable"
          },
          {
            "value": 1,
            "label": "1"
          },
          {
            "value": 2,
            "label": "2"
          },
          {
            "value": 3,
            "label": "3"
          },
          {
            "value": 4,
            "label": "4"
          },
          {
            "value": 5,
            "label": "5"
          },
          {
            "value": 6,
            "label": "6"
          },
          {
            "value": 7,
            "label": "7"
          },
          {
            "value": 8,
            "label": "8"
          },
          {
            "value": 9,
            "label": "9"
          },
          {
            "value": 10,
            "label": "10"
          },
          {
            "value": 11,
            "label": "11"
          },
          {
            "value": 12,
            "label": "12"
          }
        ]
      },
      {
        "type": "heading",
        "content": "customfields"
      },
      {
        "type": "checkbox",
        "label": "showcustomfields",
        "id": "show_custom_fields",
        "force_reload": true
      },
      {
        "type": "heading",
        "content": "i18n.ProductCards"
      },
      {
        "type": "color",
        "label": "i18n.ProductHeaderTextColor",
        "id": "card-title-color"
      },
      {
        "type": "color",
        "label": "i18n.ProductHeaderTextHoverColor",
        "id": "card-title-color-hover"
      },
      {
        "type": "color",
        "label": "i18n.ButtonTextColor",
        "id": "card-figcaption-button-color"
      },
      {
        "type": "color",
        "label": "i18n.ButtonBackground",
        "id": "card-figcaption-button-background"
      },
      {
        "type": "heading",
        "content": "i18n.ProductCardsQuickSearch"
      },
      {
        "type": "color",
        "label": "i18n.BackgroundColor",
        "id": "card--alternate-backgroundColor"
      },
      {
        "type": "color",
        "label": "i18n.BorderColor",
        "id": "card--alternate-borderColor"
      },
      {
        "type": "color",
        "label": "i18n.TextHoverColor",
        "id": "card--alternate-color--hover"
      },
      {
        "type": "heading",
        "content": "i18n.ImageSizes"
      },
      {
        "type": "paragraph",
        "content": "i18n.PleaseSpecifyAMaximumImage"
      },
      {
        "type": "imageDimension",
        "label": "i18n.MainProductImages",
        "id": "product_size",
        "force_reload": true,
        "options": [
          {
            "value": "500x659",
            "label": "i18n.OptimizedForTheme"
          },
          {
            "value": "custom",
            "label": "i18n.SpecifyDimensions"
          }
        ]
      },
      {
        "type": "imageDimension",
        "label": "i18n.ThumbnailImageInProductPage",
        "id": "productview_thumb_size",
        "force_reload": true,
        "options": [
          {
            "value": "50x50",
            "label": "i18n.OptimizedForTheme"
          },
          {
            "value": "custom",
            "label": "i18n.SpecifyDimensions"
          }
        ]
      },
      {
        "type": "imageDimension",
        "label": "i18n.ThumbnailImageInCartAnd",
        "id": "productthumb_size",
        "force_reload": true,
        "options": [
          {
            "value": "100x100",
            "label": "i18n.OptimizedForTheme"
          },
          {
            "value": "custom",
            "label": "i18n.SpecifyDimensions"
          }
        ]
      },
      {
        "type": "imageDimension",
        "label": "i18n.ZoomedImage",
        "id": "zoom_size",
        "force_reload": true,
        "options": [
          {
            "value": "1280x1280",
            "label": "i18n.OptimizedForTheme"
          },
          {
            "value": "custom",
            "label": "i18n.SpecifyDimensions"
          }
        ]
      },
      {
        "type": "imageDimension",
        "label": "i18n.ImageInGalleryView",
        "id": "productgallery_size",
        "force_reload": true,
        "options": [
          {
            "value": "500x659",
            "label": "i18n.OptimizedForTheme"
          },
          {
            "value": "custom",
            "label": "i18n.SpecifyDimensions"
          }
        ]
      },
      {
        "type": "imageDimension",
        "label": "i18n.BrandImageInGalleryView",
        "id": "brand_size",
        "force_reload": true,
        "options": [
          {
            "value": "190x250",
            "label": "i18n.OptimizedForTheme"
          },
          {
            "value": "custom",
            "label": "i18n.SpecifyDimensions"
          }
        ]
      },
      {
        "label": "i18n.ProductSwatchImages",
        "type": "imageDimension",
        "id": "swatch_option_size",
        "force_reload": true,
        "options": [
          {
            "value": "22x22",
            "label": "i18n.Standard"
          },
          {
            "value": "custom",
            "label": "i18n.SpecifyDimensions"
          }
        ]
      }
    ]
  },
  {
    "name": "i18n.ButtonsAndIcons",
    "settings": [
      {
        "type": "heading",
        "content": "i18n.PrimaryActionButton"
      },
      {
        "type": "color",
        "label": "i18n.ButtonTextColor",
        "id": "button--primary-color"
      },
      {
        "type": "color",
        "label": "i18n.ButtonTextHoverColor",
        "id": "button--primary-colorHover"
      },
      {
        "type": "color",
        "label": "i18n.ButtonTextActiveColor",
        "id": "button--primary-colorActive"
      },
      {
        "type": "color",
        "label": "i18n.ButtonBackground",
        "id": "button--primary-backgroundColor"
      },
      {
        "type": "color",
        "label": "i18n.ButtonBackgroundHover",
        "id": "button--primary-backgroundColorHover"
      },
      {
        "type": "color",
        "label": "i18n.ButtonBackgroundActive",
        "id": "button--primary-backgroundColorActive"
      },
      {
        "type": "heading",
        "content": "i18n.SecondaryActionButton"
      },
      {
        "type": "color",
        "label": "i18n.ButtonTextColor",
        "id": "button--default-color"
      },
      {
        "type": "color",
        "label": "i18n.ButtonTextHoverColor",
        "id": "button--default-colorHover"
      },
      {
        "type": "color",
        "label": "i18n.ButtonTextActiveColor",
        "id": "button--default-colorActive"
      },
      {
        "type": "color",
        "label": "i18n.ButtonBorder",
        "id": "button--default-borderColor"
      },
      {
        "type": "color",
        "label": "i18n.ButtonBorderHover",
        "id": "button--default-borderColorHover"
      },
      {
        "type": "color",
        "label": "i18n.ButtonBorderActive",
        "id": "button--default-borderColorActive"
      },
      {
        "type": "heading",
        "content": "i18n.TertiaryActionButton"
      },
      {
        "type": "color",
        "label": "i18n.ButtonBackground",
        "id": "select-bg-color"
      },
      {
        "type": "color",
        "label": "i18n.ButtonArrowIcon",
        "id": "select-arrow-color"
      },
      {
        "type": "heading",
        "content": "i18n.DisabledButton"
      },
      {
        "type": "color",
        "label": "i18n.ButtonTextColor",
        "id": "button--disabled-color"
      },
      {
        "type": "color",
        "label": "i18n.ButtonBackground",
        "id": "button--disabled-backgroundColor"
      },
      {
        "type": "color",
        "label": "i18n.ButtonBorder",
        "id": "button--disabled-borderColor"
      },
      {
        "type": "heading",
        "content": "i18n.Icons"
      },
      {
        "type": "color",
        "label": "i18n.SocialMediaIcon",
        "id": "icon-color"
      },
      {
        "type": "color",
        "label": "i18n.SocialMediaIconHover",
        "id": "icon-color-hover"
      },
      {
        "type": "color",
        "label": "i18n.StarReviewIconFull",
        "id": "icon-ratingFull"
      },
      {
        "type": "color",
        "label": "i18n.StarReviewIconEmpty",
        "id": "icon-ratingEmpty"
      },
      {
        "type": "color",
        "label": "i18n.IncreasedecreaseButtonIcon",
        "id": "button--icon-svg-color"
      },
      {
        "type": "heading",
        "content": "i18n.CheckboxesAndRadioButtons"
      },
      {
        "type": "color",
        "label": "i18n.CheckboxAndRadioIcon",
        "id": "checkRadio-color"
      },
      {
        "type": "color",
        "label": "i18n.ButtonBackground",
        "id": "checkRadio-backgroundColor"
      },
      {
        "type": "color",
        "label": "i18n.ButtonBorder",
        "id": "checkRadio-borderColor"
      }
    ]
  },
  {
    "name": "i18n.CheckoutPage",
    "enable": "ucoEnabled",
    "settings": [
      {
        "type": "heading",
        "content": "i18n.Header"
      },
      {
        "type": "checkbox",
        "label": "i18n.UseBackgroundImage",
        "id": "optimizedCheckout-show-backgroundImage"
      },
      {
        "type": "optimizedCheckout-image",
        "label": "i18n.1000X400pxRecommended",
        "reference": "optimizedCheckout-show-backgroundImage",
        "reference_default": false,
        "id": "optimizedCheckout-backgroundImage"
      },
      {
        "type": "imageDimension",
        "description": "Please specify a maximum image size for desktop display. We'll automatically scale down the image for smaller devices.",
        "label": "i18n.HeaderImageSize",
        "reference": "optimizedCheckout-backgroundImage",
        "reference_default": "",
        "id": "optimizedCheckout-backgroundImage-size",
        "options": [
          {
            "value": "1000x400",
            "label": "i18n.OptimizedForTheme"
          },
          {
            "value": "custom",
            "label": "i18n.SpecifyDimensions"
          }
        ]
      },
      {
        "type": "color",
        "label": "i18n.BackgroundColor",
        "id": "optimizedCheckout-header-backgroundColor"
      },
      {
        "type": "color",
        "label": "i18n.HeaderTextColor",
        "id": "optimizedCheckout-header-textColor"
      },
      {
        "type": "color",
        "label": "i18n.HeaderBorder",
        "id": "optimizedCheckout-header-borderColor"
      },
      {
        "type": "heading",
        "content": "i18n.Logo"
      },
      {
        "type": "select",
        "label": "i18n.LogoType",
        "id": "optimizedCheckout-show-logo",
        "options": [
          {
            "value": "none",
            "label": "i18n.Text"
          },
          {
            "value": "custom",
            "label": "i18n.Image"
          }
        ]
      },
      {
        "type": "optimizedCheckout-image",
        "label": "i18n.250X100pxRecommended",
        "reference": "optimizedCheckout-show-logo",
        "reference_default": "none",
        "force_reload": true,
        "id": "optimizedCheckout-logo"
      },
      {
        "type": "imageDimension",
        "description": "Please specify a maximum image size for desktop display. We'll automatically scale down the image for smaller devices.",
        "label": "",
        "reference": "optimizedCheckout-logo",
        "reference_default": "",
        "id": "optimizedCheckout-logo-size",
        "force_reload": true,
        "options": [
          {
            "value": "250x100",
            "label": "i18n.OptimizedForTheme"
          },
          {
            "value": "custom",
            "label": "i18n.SpecifyDimensions"
          }
        ]
      },
      {
        "type": "select",
        "label": "i18n.LogoPosition",
        "id": "optimizedCheckout-logo-position",
        "options": [
          {
            "value": "left",
            "label": "i18n.Left"
          },
          {
            "value": "center",
            "label": "i18n.Center"
          },
          {
            "value": "right",
            "label": "i18n.Right"
          }
        ]
      },
      {
        "type": "heading",
        "content": "i18n.DiscountBanner"
      },
      {
        "type": "color",
        "label": "i18n.BannerBackground",
        "id": "optimizedCheckout-discountBanner-backgroundColor"
      },
      {
        "type": "color",
        "label": "i18n.BannerTextColor",
        "id": "optimizedCheckout-discountBanner-textColor"
      },
      {
        "type": "color",
        "label": "i18n.BannerIcon",
        "id": "optimizedCheckout-discountBanner-iconColor"
      },
      {
        "type": "heading",
        "content": "i18n.OrderSummaryBox"
      },
      {
        "type": "color",
        "label": "i18n.BoxBackground",
        "id": "optimizedCheckout-orderSummary-backgroundColor"
      },
      {
        "type": "color",
        "label": "i18n.BoxBorder",
        "id": "optimizedCheckout-orderSummary-borderColor"
      },
      {
        "type": "heading",
        "content": "i18n.CheckoutSteps"
      },
      {
        "type": "color",
        "label": "i18n.IconBackground",
        "id": "optimizedCheckout-step-backgroundColor"
      },
      {
        "type": "color",
        "label": "i18n.IconBorder",
        "id": "optimizedCheckout-step-borderColor"
      },
      {
        "type": "color",
        "label": "i18n.IconTextColor",
        "id": "optimizedCheckout-step-textColor"
      },
      {
        "type": "heading",
        "content": "i18n.Headings"
      },
      {
        "type": "font",
        "label": "i18n.Heading1FontFamily",
        "id": "optimizedCheckout-headingPrimary-font",
        "options": [
          {
            "group": "i18n.OpenSans",
            "label": "i18n.OpenSans",
            "value": "Google_Open+Sans_400"
          },
          {
            "group": "i18n.OpenSans",
            "label": "i18n.OpenSansBold",
            "value": "Google_Open+Sans_700"
          },
          {
            "group": "i18n.Montserrat",
            "label": "i18n.MontserratLight",
            "value": "Google_Montserrat_400"
          },
          {
            "group": "i18n.Montserrat",
            "label": "i18n.MontserratBold",
            "value": "Google_Montserrat_700"
          },
          {
            "group": "i18n.Karla",
            "label": "i18n.Karla",
            "value": "Google_Karla_400"
          },
          {
            "group": "i18n.Roboto",
            "label": "i18n.Roboto",
            "value": "Google_Roboto_400"
          },
          {
            "group": "i18n.SourceSansPro",
            "label": "i18n.SourceSansPro",
            "value": "Google_Source+Sans+Pro_400"
          },
          {
            "group": "i18n.Volkhov",
            "label": "i18n.Volkhov",
            "value": "Google_Volkhov_400"
          }
        ]
      },
      {
        "type": "color",
        "label": "i18n.Heading1TextColor",
        "id": "optimizedCheckout-headingPrimary-color"
      },
      {
        "type": "font",
        "label": "i18n.Heading2FontFamily",
        "id": "optimizedCheckout-headingSecondary-font",
        "options": [
          {
            "group": "i18n.OpenSans",
            "label": "i18n.OpenSans",
            "value": "Google_Open+Sans_400"
          },
          {
            "group": "i18n.OpenSans",
            "label": "i18n.OpenSansBold",
            "value": "Google_Open+Sans_700"
          },
          {
            "group": "i18n.Montserrat",
            "label": "i18n.MontserratLight",
            "value": "Google_Montserrat_400"
          },
          {
            "group": "i18n.Montserrat",
            "label": "i18n.MontserratBold",
            "value": "Google_Montserrat_700"
          },
          {
            "group": "i18n.Karla",
            "label": "i18n.Karla",
            "value": "Google_Karla_400"
          },
          {
            "group": "i18n.Roboto",
            "label": "i18n.Roboto",
            "value": "Google_Roboto_400"
          },
          {
            "group": "i18n.SourceSansPro",
            "label": "i18n.SourceSansPro",
            "value": "Google_Source+Sans+Pro_400"
          },
          {
            "group": "i18n.Volkhov",
            "label": "i18n.Volkhov",
            "value": "Google_Volkhov_400"
          }
        ]
      },
      {
        "type": "color",
        "label": "i18n.Heading2TextColor",
        "id": "optimizedCheckout-headingSecondary-color"
      },
      {
        "type": "heading",
        "content": "i18n.Body"
      },
      {
        "type": "color",
        "label": "i18n.PageBackground",
        "id": "optimizedCheckout-body-backgroundColor"
      },
      {
        "type": "color",
        "label": "i18n.FocusColor",
        "id": "optimizedCheckout-colorFocus"
      },
      {
        "type": "heading",
        "content": "i18n.BodyTextAndLinks"
      },
      {
        "type": "font",
        "label": "i18n.BodyTextFontFamily",
        "id": "optimizedCheckout-contentPrimary-font",
        "options": [
          {
            "group": "i18n.OpenSans",
            "label": "i18n.OpenSans",
            "value": "Google_Open+Sans_400"
          },
          {
            "group": "i18n.OpenSans",
            "label": "i18n.OpenSansBold",
            "value": "Google_Open+Sans_700"
          },
          {
            "group": "i18n.Montserrat",
            "label": "i18n.MontserratLight",
            "value": "Google_Montserrat_400"
          },
          {
            "group": "i18n.Montserrat",
            "label": "i18n.Montserrat",
            "value": "Google_Montserrat_500"
          },
          {
            "group": "i18n.Karla",
            "label": "i18n.Karla",
            "value": "Google_Karla_400"
          },
          {
            "group": "i18n.Roboto",
            "label": "i18n.Roboto",
            "value": "Google_Roboto_400"
          },
          {
            "group": "i18n.SourceSansPro",
            "label": "i18n.SourceSansPro",
            "value": "Google_Source+Sans+Pro_400"
          },
          {
            "group": "i18n.Volkhov",
            "label": "i18n.Volkhov",
            "value": "Google_Volkhov_400"
          }
        ]
      },
      {
        "type": "color",
        "label": "i18n.BodyTextColor",
        "id": "optimizedCheckout-contentPrimary-color"
      },
      {
        "type": "font",
        "label": "i18n.SecondaryTextFontFamily",
        "id": "optimizedCheckout-contentSecondary-font",
        "options": [
          {
            "group": "i18n.OpenSans",
            "label": "i18n.OpenSans",
            "value": "Google_Open+Sans_400"
          },
          {
            "group": "i18n.OpenSans",
            "label": "i18n.OpenSansBold",
            "value": "Google_Open+Sans_700"
          },
          {
            "group": "i18n.Montserrat",
            "label": "i18n.MontserratLight",
            "value": "Google_Montserrat_400"
          },
          {
            "group": "i18n.Montserrat",
            "label": "i18n.Montserrat",
            "value": "Google_Montserrat_500"
          },
          {
            "group": "i18n.Karla",
            "label": "i18n.Karla",
            "value": "Google_Karla_400"
          },
          {
            "group": "i18n.Roboto",
            "label": "i18n.Roboto",
            "value": "Google_Roboto_400"
          },
          {
            "group": "i18n.SourceSansPro",
            "label": "i18n.SourceSansPro",
            "value": "Google_Source+Sans+Pro_400"
          },
          {
            "group": "i18n.Volkhov",
            "label": "i18n.Volkhov",
            "value": "Google_Volkhov_400"
          }
        ]
      },
      {
        "type": "color",
        "label": "i18n.SecondaryTextColor",
        "id": "optimizedCheckout-contentSecondary-color"
      },
      {
        "type": "font",
        "label": "i18n.LinkFontFamily",
        "id": "optimizedCheckout-link-font",
        "options": [
          {
            "group": "i18n.OpenSans",
            "label": "i18n.OpenSans",
            "value": "Google_Open+Sans_400"
          },
          {
            "group": "i18n.OpenSans",
            "label": "i18n.OpenSansBold",
            "value": "Google_Open+Sans_700"
          },
          {
            "group": "i18n.Montserrat",
            "label": "i18n.MontserratLight",
            "value": "Google_Montserrat_400"
          },
          {
            "group": "i18n.Montserrat",
            "label": "i18n.Montserrat",
            "value": "Google_Montserrat_500"
          },
          {
            "group": "i18n.Karla",
            "label": "i18n.Karla",
            "value": "Google_Karla_400"
          },
          {
            "group": "i18n.Roboto",
            "label": "i18n.Roboto",
            "value": "Google_Roboto_400"
          },
          {
            "group": "i18n.SourceSansPro",
            "label": "i18n.SourceSansPro",
            "value": "Google_Source+Sans+Pro_400"
          },
          {
            "group": "i18n.Volkhov",
            "label": "i18n.Volkhov",
            "value": "Google_Volkhov_400"
          }
        ]
      },
      {
        "type": "color",
        "label": "i18n.LinkColor",
        "id": "optimizedCheckout-link-color"
      },
      {
        "type": "color",
        "label": "i18n.LinkHoverColor",
        "id": "optimizedCheckout-link-hoverColor"
      },
      {
        "type": "heading",
        "content": "i18n.PrimaryActionButton"
      },
      {
        "type": "font",
        "label": "i18n.ButtonTextFontFamily",
        "id": "optimizedCheckout-buttonPrimary-font",
        "options": [
          {
            "group": "i18n.OpenSans",
            "label": "i18n.OpenSans",
            "value": "Google_Open+Sans_400"
          },
          {
            "group": "i18n.OpenSans",
            "label": "i18n.OpenSansBold",
            "value": "Google_Open+Sans_700"
          },
          {
            "group": "i18n.Montserrat",
            "label": "i18n.MontserratLight",
            "value": "Google_Montserrat_400"
          },
          {
            "group": "i18n.Montserrat",
            "label": "i18n.Montserrat",
            "value": "Google_Montserrat_500"
          },
          {
            "group": "i18n.Karla",
            "label": "i18n.Karla",
            "value": "Google_Karla_400"
          },
          {
            "group": "i18n.Roboto",
            "label": "i18n.Roboto",
            "value": "Google_Roboto_400"
          },
          {
            "group": "i18n.SourceSansPro",
            "label": "i18n.SourceSansPro",
            "value": "Google_Source+Sans+Pro_400"
          },
          {
            "group": "i18n.Volkhov",
            "label": "i18n.Volkhov",
            "value": "Google_Volkhov_400"
          }
        ]
      },
      {
        "type": "color",
        "label": "i18n.ButtonTextColor",
        "id": "optimizedCheckout-buttonPrimary-color"
      },
      {
        "type": "color",
        "label": "i18n.ButtonTextHoverColor",
        "id": "optimizedCheckout-buttonPrimary-colorHover"
      },
      {
        "type": "color",
        "label": "i18n.ButtonTextActiveColor",
        "id": "optimizedCheckout-buttonPrimary-colorActive"
      },
      {
        "type": "color",
        "label": "i18n.ButtonTextDisabledColor",
        "id": "optimizedCheckout-buttonPrimary-colorDisabled"
      },
      {
        "type": "color",
        "label": "i18n.ButtonBackground",
        "id": "optimizedCheckout-buttonPrimary-backgroundColor"
      },
      {
        "type": "color",
        "label": "i18n.ButtonBackgroundHover",
        "id": "optimizedCheckout-buttonPrimary-backgroundColorHover"
      },
      {
        "type": "color",
        "label": "i18n.ButtonBackgroundActive",
        "id": "optimizedCheckout-buttonPrimary-backgroundColorActive"
      },
      {
        "type": "color",
        "label": "i18n.ButtonBackgroundDisabled",
        "id": "optimizedCheckout-buttonPrimary-backgroundColorDisabled"
      },
      {
        "type": "color",
        "label": "i18n.ButtonBorder",
        "id": "optimizedCheckout-buttonPrimary-borderColor"
      },
      {
        "type": "color",
        "label": "i18n.ButtonBorderHover",
        "id": "optimizedCheckout-buttonPrimary-borderColorHover"
      },
      {
        "type": "color",
        "label": "i18n.ButtonBorderActive",
        "id": "optimizedCheckout-buttonPrimary-borderColorActive"
      },
      {
        "type": "color",
        "label": "i18n.ButtonBorderDisabled",
        "id": "optimizedCheckout-buttonPrimary-borderColorDisabled"
      },
      {
        "type": "heading",
        "content": "i18n.SecondaryActionButton"
      },
      {
        "type": "font",
        "label": "i18n.ButtonTextFontFamily",
        "id": "optimizedCheckout-buttonSecondary-font",
        "options": [
          {
            "group": "i18n.OpenSans",
            "label": "i18n.OpenSans",
            "value": "Google_Open+Sans_400"
          },
          {
            "group": "i18n.OpenSans",
            "label": "i18n.OpenSansBold",
            "value": "Google_Open+Sans_700"
          },
          {
            "group": "i18n.Montserrat",
            "label": "i18n.MontserratLight",
            "value": "Google_Montserrat_400"
          },
          {
            "group": "i18n.Montserrat",
            "label": "i18n.Montserrat",
            "value": "Google_Montserrat_500"
          },
          {
            "group": "i18n.Karla",
            "label": "i18n.Karla",
            "value": "Google_Karla_400"
          },
          {
            "group": "i18n.Roboto",
            "label": "i18n.Roboto",
            "value": "Google_Roboto_400"
          },
          {
            "group": "i18n.SourceSansPro",
            "label": "i18n.SourceSansPro",
            "value": "Google_Source+Sans+Pro_400"
          },
          {
            "group": "i18n.Volkhov",
            "label": "i18n.Volkhov",
            "value": "Google_Volkhov_400"
          }
        ]
      },
      {
        "type": "color",
        "label": "i18n.ButtonTextColor",
        "id": "optimizedCheckout-buttonSecondary-color"
      },
      {
        "type": "color",
        "label": "i18n.ButtonTextHoverColor",
        "id": "optimizedCheckout-buttonSecondary-colorHover"
      },
      {
        "type": "color",
        "label": "i18n.ButtonTextActiveColor",
        "id": "optimizedCheckout-buttonSecondary-colorActive"
      },
      {
        "type": "color",
        "label": "i18n.ButtonBackground",
        "id": "optimizedCheckout-buttonSecondary-backgroundColor"
      },
      {
        "type": "color",
        "label": "i18n.ButtonBackgroundHover",
        "id": "optimizedCheckout-buttonSecondary-backgroundColorHover"
      },
      {
        "type": "color",
        "label": "i18n.ButtonBackgroundActive",
        "id": "optimizedCheckout-buttonSecondary-backgroundColorActive"
      },
      {
        "type": "color",
        "label": "i18n.ButtonBorder",
        "id": "optimizedCheckout-buttonSecondary-borderColor"
      },
      {
        "type": "color",
        "label": "i18n.ButtonBorderHover",
        "id": "optimizedCheckout-buttonSecondary-borderColorHover"
      },
      {
        "type": "color",
        "label": "i18n.ButtonBorderActive",
        "id": "optimizedCheckout-buttonSecondary-borderColorActive"
      },
      {
        "type": "heading",
        "content": "i18n.FormInputFields1"
      },
      {
        "type": "color",
        "label": "i18n.LabelTextColor",
        "id": "optimizedCheckout-form-textColor"
      },
      {
        "type": "color",
        "label": "i18n.FieldTextColor",
        "id": "optimizedCheckout-formField-textColor"
      },
      {
        "type": "color",
        "label": "i18n.FieldPlaceholderTextColor",
        "id": "optimizedCheckout-formField-placeholderColor"
      },
      {
        "type": "color",
        "label": "i18n.FieldErrorTextColor",
        "id": "optimizedCheckout-formField-errorColor"
      },
      {
        "type": "color",
        "label": "i18n.FieldBackground",
        "id": "optimizedCheckout-formField-backgroundColor"
      },
      {
        "type": "color",
        "label": "i18n.FieldInnerShadow",
        "id": "optimizedCheckout-formField-shadowColor"
      },
      {
        "type": "color",
        "label": "i18n.FieldBorder",
        "id": "optimizedCheckout-formField-borderColor"
      },
      {
        "type": "color",
        "label": "i18n.CheckboxButtonBackground",
        "id": "optimizedCheckout-formField-inputControlColor"
      },
      {
        "type": "heading",
        "content": "i18n.FormChecklist"
      },
      {
        "type": "color",
        "label": "i18n.BackgroundColor",
        "id": "optimizedCheckout-formChecklist-backgroundColor"
      },
      {
        "type": "color",
        "label": "i18n.FormBackground",
        "id": "optimizedCheckout-formChecklist-backgroundColorSelected"
      },
      {
        "type": "color",
        "label": "i18n.FormHeaderTextColor",
        "id": "optimizedCheckout-formChecklist-color"
      },
      {
        "type": "color",
        "label": "i18n.FormBorderColor",
        "id": "optimizedCheckout-formChecklist-borderColor"
      },
      {
        "type": "heading",
        "content": "i18n.LoadingToaster"
      },
      {
        "type": "color",
        "label": "i18n.ToasterBackground",
        "id": "optimizedCheckout-loadingToaster-backgroundColor"
      },
      {
        "type": "color",
        "label": "i18n.ToasterTextColor",
        "id": "optimizedCheckout-loadingToaster-textColor"
      }
    ]
  },
  {
    "name": "i18n.PaymentButtons",
    "enable": "smartButtons",
    "settings": [
      {
        "type": "heading",
        "content": "i18n.PaymentButtonsContainer"
      },
      {
        "type": "select",
        "label": "i18n.ButtonContainer",
        "force_reload": true,
        "id": "paymentbuttons-container",
        "options": [
          {
            "value": "small",
            "label": "Small"
          },
          {
            "value": "medium",
            "label": "Medium"
          },
          {
            "value": "large",
            "label": "Large"
          }
        ]
      },
      {
        "type": "heading",
        "content": "i18n.QuickPaymentButtons"
      },
      {
        "type": "select",
        "label": "i18n.NumberOfButtonsAlwaysVisible",
        "force_reload": true,
        "id": "paymentbuttons-number-of-buttons",
        "options": [
          {
            "value": 1,
            "label": "1"
          },
          {
            "value": 2,
            "label": "2"
          }
        ]
      },
      {
        "type": "sort",
        "label": "i18n.ProviderSortingOrderLabel",
        "id": "paymentbuttons-provider-sorting",
        "force_reload": true,
        "options": [
          {
            "value": "paypal",
            "label": "i18n.PayPalProviderSortingLabel",
            "enabledBy": "paypal"
          },
          {
            "value": "paypal-credit",
            "label": "i18n.PayPalCreditProviderSortingLabel",
            "enabledBy": "paypal-credit"
          },
          {
            "value": "paypal-venmo",
            "label": "i18n.PayPalVenmoProviderSortingLabel",
            "enabledBy": "paypal-venmo"
          },
          {
            "value": "sepa",
            "label": "i18n.PayPalSepaProviderSortingLabel",
            "enabledBy": "sepa"
          },
          {
            "value": "googlepay",
            "label": "i18n.GooglepayProviderSortingLabel",
            "enabledBy": "googlepay"
          },
          {
            "value": "applepay",
            "label": "i18n.ApplepayProviderSortingLabel",
            "enabledBy": "applepay"
          },
          {
            "value": "afterpay",
            "label": "i18n.AfterpayProviderSortingLabel",
            "enabledBy": "afterpay"
          },
          {
            "value": "amazonpay",
            "label": "i18n.AmazonProviderSortingLabel",
            "enabledBy": "amazonpay"
          },
          {
            "value": "masterpass",
            "label": "i18n.MasterpassProviderSortingLabel",
            "enabledBy": "masterpass"
          }
        ]
      },
      {
        "type": "heading",
        "content": "i18n.PaypalAcceleratedCheckoutButton",
        "enable": "payPalAcceleratedCheckoutEnabled"
      },
      {
        "type": "color",
        "label": "i18n.ButtonColor",
        "id": "paymentbuttons-paypal-accelerated-checkout-color",
        "enable": "payPalAcceleratedCheckoutEnabled"
      },
      {
        "type": "color",
        "label": "i18n.ContentColor",
        "id": "paymentbuttons-paypal-accelerated-content-color",
        "enable": "payPalAcceleratedCheckoutEnabled"
      },
      {
        "type": "select",
        "label": "i18n.ButtonContent",
        "id": "paymentbuttons-paypal-accelerated-content-label",
        "enable": "payPalAcceleratedCheckoutEnabled",
        "options": [
          {
            "value": "buy",
            "label": "i18n.Buy"
          },
          {
            "value": "checkout",
            "label": "i18n.Checkout"
          },
          {
            "value": "pay",
            "label": "i18n.Pay"
          },
          {
            "value": "buynow",
            "label": "i18n.BuyNow"
          },
          {
            "value": "paynow",
            "label": "i18n.PayNow"
          },
          {
            "value": "checkoutnow",
            "label": "i18n.CheckoutNow"
          },
          {
            "value": "proceedtocheckout",
            "label": "i18n.ProceedToCheckout"
          }
        ]
      },
      {
        "type": "color",
        "label": "i18n.BorderColor",
        "id": "paymentbuttons-paypal-accelerated-border-color",
        "enable": "payPalAcceleratedCheckoutEnabled"
      },
      {
        "type": "heading",
        "content": "i18n.SmartPaypalButton",
        "enable": "payPalProvidersEnabled"
      },
      {
        "type": "select",
        "label": "i18n.ButtonColor",
        "id": "paymentbuttons-paypal-color",
        "enable": "payPalProvidersEnabled",
        "force_reload": true,
        "options": [
          {
            "value": "gold",
            "label": "i18n.Gold"
          },
          {
            "value": "blue",
            "label": "i18n.Blue"
          },
          {
            "value": "silver",
            "label": "i18n.Silver"
          },
          {
            "value": "black",
            "label": "i18n.Black"
          },
          {
            "value": "white",
            "label": "i18n.White"
          }
        ]
      },
      {
        "type": "select",
        "label": "i18n.ButtonShape",
        "id": "paymentbuttons-paypal-shape",
        "enable": "payPalProvidersEnabled",
        "force_reload": true,
        "options": [
          {
            "value": "pill",
            "label": "i18n.Pill"
          },
          {
            "value": "rect",
            "label": "i18n.Rectangle"
          }
        ]
      },
      {
        "type": "select",
        "label": "i18n.ButtonContent",
        "id": "paymentbuttons-paypal-label",
        "enable": "payPalProvidersEnabled",
        "force_reload": true,
        "options": [
          {
            "value": "checkout",
            "label": "i18n.PayPalCheckout"
          },
          {
            "value": "pay",
            "label": "i18n.PayWithPayPal"
          },
          {
            "value": "buynow",
            "label": "i18n.BuyNow"
          },
          {
            "value": "paypal",
            "label": "i18n.PayPal"
          }
        ]
      },
      {
        "type": "select",
        "label": "i18n.DisplayStyle",
        "id": "paymentbuttons-paypal-layout",
        "enable": "payPalProvidersEnabled",
        "force_reload": true,
        "options": [
          {
            "value": "horizontal",
            "label": "i18n.ShowButtonsHorizontally"
          },
          {
            "value": "vertical",
            "label": "i18n.ShowButtonsVertically"
          }
        ]
      },
      {
        "type": "heading",
        "content": "i18n.CheckoutPayPalButton",
        "enable": "payPalProvidersEnabled"
      },
      {
        "type": "select",
        "label": "i18n.ButtonColor",
        "id": "checkout-paymentbuttons-paypal-color",
        "enable": "payPalProvidersEnabled",
        "force_reload": true,
        "options": [
          {
            "value": "gold",
            "label": "i18n.Gold"
          },
          {
            "value": "blue",
            "label": "i18n.Blue"
          },
          {
            "value": "silver",
            "label": "i18n.Silver"
          },
          {
            "value": "black",
            "label": "i18n.Black"
          },
          {
            "value": "white",
            "label": "i18n.White"
          }
        ]
      },
      {
        "type": "select",
        "label": "i18n.ButtonShape",
        "id": "checkout-paymentbuttons-paypal-shape",
        "enable": "payPalProvidersEnabled",
        "force_reload": true,
        "options": [
          {
            "value": "pill",
            "label": "i18n.Pill"
          },
          {
            "value": "rect",
            "label": "i18n.Rectangle"
          }
        ]
      },
      {
        "type": "select",
        "label": "i18n.ButtonSize",
        "id": "checkout-paymentbuttons-paypal-size",
        "enable": "payPalProvidersEnabled",
        "force_reload": true,
        "options": [
          {
            "value": "small",
            "label": "i18n.Small"
          },
          {
            "value": "medium",
            "label": "i18n.Medium"
          },
          {
            "value": "large",
            "label": "i18n.Large"
          }
        ]
      },
      {
        "type": "select",
        "label": "i18n.ButtonContent",
        "id": "checkout-paymentbuttons-paypal-label",
        "enable": "payPalProvidersEnabled",
        "force_reload": true,
        "options": [
          {
            "value": "checkout",
            "label": "i18n.PayPalCheckout"
          },
          {
            "value": "pay",
            "label": "i18n.PayWithPayPal"
          },
          {
            "value": "buynow",
            "label": "i18n.BuyNow"
          },
          {
            "value": "paypal",
            "label": "i18n.PayPal"
          }
        ]
      },
      {
        "type": "heading",
        "content": "i18n.GooglePaySettings",
        "enable": "googleProvidersEnabled"
      },
      {
        "type": "select",
        "label": "i18n.ButtonColor",
        "id": "googlepay-button-color",
        "enable": "googleProvidersEnabled",
        "options": [
          {
            "value": "black",
            "label": "i18n.BlackWhiteText"
          },
          {
            "value": "white",
            "label": "i18n.WhiteBlackText"
          }
        ]
      },
      {
        "type": "heading",
        "content": "i18n.ApplePaySettings",
        "enable": "appleProvidersEnabled"
      },
      {
        "type": "select",
        "label": "i18n.ButtonColor",
        "id": "applePay-button",
        "enable": "appleProvidersEnabled",
        "options": [
          {
            "value": "black",
            "label": "i18n.BlackWhiteText"
          },
          {
            "value": "white",
            "label": "i18n.WhiteBlackText"
          },
          {
            "value": "white-border",
            "label": "i18n.WhiteBlackTextWithBorder"
          }
        ]
      },
      {
        "type": "heading",
        "content": "i18n.AfterPaySettings",
        "enable": "afterpayProvidersEnabled"
      },
      {
        "type": "select",
        "label": "i18n.ButtonColor",
        "id": "afterpay-button-color",
        "enable": "afterpayProvidersEnabled",
        "options": [
          {
            "value": "black-mint",
            "label": "i18n.BlackOnMintText"
          },
          {
            "value": "mint-black",
            "label": "i18n.MintOnBlackText"
          },
          {
            "value": "white",
            "label": "i18n.BlackWhiteText"
          },
          {
            "value": "black",
            "label": "i18n.WhiteBlackText"
          }
        ]
      },
      {
        "type": "heading",
        "content": "i18n.AmazonSettings",
        "enable": "amazonProvidersEnabled"
      },
      {
        "type": "select",
        "label": "i18n.ButtonColor",
        "id": "amazon-button-color",
        "enable": "amazonProvidersEnabled",
        "options": [
          {
            "value": "Gold",
            "label": "i18n.Gold"
          },
          {
            "value": "LightGray",
            "label": "i18n.LightGray"
          },
          {
            "value": "DarkGray",
            "label": "i18n.DarkGray"
          }
        ]
      },
      {
        "type": "heading",
        "content": "i18n.MasterpassSettings",
        "enable": "masterpassProvidersEnabled"
      },
      {
        "type": "select",
        "label": "i18n.ButtonColor",
        "id": "masterpass-button-color",
        "enable": "masterpassProvidersEnabled",
        "options": [
          {
            "value": "black",
            "label": "i18n.BlackWhiteText"
          },
          {
            "value": "white",
            "label": "i18n.WhiteBlackText"
          }
        ]
      }
    ]
  },
  {
    "name": "i18n.PaymentBanners",
    "enable": "paymentBanners",
    "settings": [
      {
        "type": "paragraph",
        "content": "i18n.BannersMessaging"
      },
      {
        "type": "heading",
        "content": "i18n.ProductPageBanner"
      },
      {
        "type": "select",
        "label": "i18n.BannerStyleColor",
        "id": "paymentbanners-proddetailspage-color",
        "force_reload": true,
        "options": [
          {
            "value": "blue",
            "label": "i18n.Blue"
          },
          {
            "value": "black",
            "label": "i18n.Black"
          },
          {
            "value": "white",
            "label": "i18n.White"
          },
          {
            "value": "white-no-border",
            "label": "i18n.White-no-border"
          },
          {
            "value": "gray",
            "label": "i18n.gray"
          },
          {
            "value": "monochrome",
            "label": "i18n.monochrome"
          },
          {
            "value": "grayscale",
            "label": "i18n.grayscale"
          }
        ]
      },
      {
        "type": "select",
        "label": "i18n.BannerStyleRatio",
        "id": "paymentbanners-proddetailspage-ratio",
        "force_reload": true,
        "options": [
          {
            "value": "8x1",
            "label": "i18n.8x1"
          },
          {
            "value": "20x1",
            "label": "i18n.20x1"
          }
        ]
      },
      {
        "type": "heading",
        "content": "i18n.HomePageBanner"
      },
      {
        "type": "select",
        "label": "i18n.BannerStyleColor",
        "id": "paymentbanners-homepage-color",
        "force_reload": true,
        "options": [
          {
            "value": "blue",
            "label": "i18n.Blue"
          },
          {
            "value": "black",
            "label": "i18n.Black"
          },
          {
            "value": "white",
            "label": "i18n.White"
          },
          {
            "value": "white-no-border",
            "label": "i18n.White-no-border"
          },
          {
            "value": "gray",
            "label": "i18n.gray"
          },
          {
            "value": "monochrome",
            "label": "i18n.monochrome"
          },
          {
            "value": "grayscale",
            "label": "i18n.grayscale"
          }
        ]
      },
      {
        "type": "select",
        "label": "i18n.BannerStyleRatio",
        "id": "paymentbanners-homepage-ratio",
        "force_reload": true,
        "options": [
          {
            "value": "8x1",
            "label": "i18n.8x1"
          },
          {
            "value": "20x1",
            "label": "i18n.20x1"
          }
        ]
      },
      {
        "type": "heading",
        "content": "i18n.CartPageBanner"
      },
      {
        "type": "select",
        "label": "i18n.BannerTextStyleColor",
        "id": "paymentbanners-cartpage-text-color",
        "force_reload": true,
        "options": [
          {
            "value": "black",
            "label": "i18n.Black"
          },
          {
            "value": "white",
            "label": "i18n.White"
          },
          {
            "value": "monochrome",
            "label": "i18n.monochrome"
          },
          {
            "value": "grayscale",
            "label": "i18n.grayscale"
          }
        ]
      },
      {
        "type": "select",
        "label": "i18n.BannerStyleLogoPosition",
        "id": "paymentbanners-cartpage-logo-position",
        "force_reload": true,
        "options": [
          {
            "value": "left",
            "label": "i18n.left"
          },
          {
            "value": "right",
            "label": "i18n.right"
          },
          {
            "value": "top",
            "label": "i18n.top"
          }
        ]
      },
      {
        "type": "select",
        "label": "i18n.BannerStyleLogoType",
        "id": "paymentbanners-cartpage-logo-type",
        "force_reload": true,
        "options": [
          {
            "value": "inline",
            "label": "i18n.inline"
          },
          {
            "value": "primary",
            "label": "i18n.primary"
          },
          {
            "value": "alternative",
            "label": "i18n.alternative"
          },
          {
            "value": "none",
            "label": "i18n.none"
          }
        ]
      }
    ]
  }
]